{
  "$schema": "https://developer.microsoft.com/json-schemas/spfx-build/package-solution.schema.json",
  "solution": {
    "name": "third-party-api-call-client-side-solution",
    "id": "e22d549a-49a7-4b7a-ba51-d4cc2e3d7dbd",
    "version": "1.0.0.0",
    "includeClientSideAssets": true,
    "skipFeatureDeployment": true,
    "isDomainIsolated": false,
    "developer": {
      "name": "",
      "websiteUrl": "",
      "privacyUrl": "",
      "termsOfUseUrl": "",
      "mpnId": "Undefined-1.17.4"
    },
    "metadata": {
      "shortDescription": {
        "default": "third-party-api-call description"
      },
      "longDescription": {
        "default": "third-party-api-call description"
      },
      "screenshotPaths": [],
      "videoUrl": "",
      "categories": []
    },
    "features": [
      {
        "title": "third-party-api-call Feature",
        "description": "The feature that activates elements of the third-party-api-call solution.",
        "id": "e82ede62-ef88-4ae9-bf35-ca335b35b731",
        "version": "1.0.0.0"
      }
    ]
  },
  "paths": {
    "zippedPackage": "solution/third-party-api-call.sppkg"
  }
}
