{
  "@microsoft/generator-sharepoint": {
    "plusBeta": false,
    "isCreatingSolution": true,
    "nodeVersion": "16.16.0",
    "sdksVersions": {
      "@microsoft/microsoft-graph-client": "3.0.2",
      "@microsoft/teams-js": "2.9.1"
    },
    "version": "1.17.4",
    "libraryName": "third-party-api-call",
    "libraryId": "e22d549a-49a7-4b7a-ba51-d4cc2e3d7dbd",
    "environment": "spo",
    "packageManager": "npm",
    "solutionName": "third-party-api-call",
    "solutionShortDescription": "third-party-api-call description",
    "skipFeatureDeployment": true,
    "isDomainIsolated": false,
    "componentType": "webpart"
  }
}
